-- phpMyAdmin SQL Dump
-- version 5.0.2
-- https://www.phpmyadmin.net/
--
-- Host: localhost
-- Generation Time: Feb 09, 2021 at 10:37 PM
-- Server version: 10.4.13-MariaDB
-- PHP Version: 7.4.8

SET SQL_MODE = "NO_AUTO_VALUE_ON_ZERO";
START TRANSACTION;
SET time_zone = "+00:00";


/*!40101 SET @OLD_CHARACTER_SET_CLIENT=@@CHARACTER_SET_CLIENT */;
/*!40101 SET @OLD_CHARACTER_SET_RESULTS=@@CHARACTER_SET_RESULTS */;
/*!40101 SET @OLD_COLLATION_CONNECTION=@@COLLATION_CONNECTION */;
/*!40101 SET NAMES utf8mb4 */;

--
-- Database: `fesdis`
--

-- --------------------------------------------------------

--
-- Table structure for table `comments`
--

CREATE TABLE `comments` (
  `id` int(11) NOT NULL,
  `comment` varchar(255) NOT NULL,
  `user_id` int(11) NOT NULL,
  `page_id` int(11) NOT NULL
) ENGINE=InnoDB DEFAULT CHARSET=utf8mb4;

--
-- Dumping data for table `comments`
--

INSERT INTO `comments` (`id`, `comment`, `user_id`, `page_id`) VALUES
(1, 'ูููุญ ุฒุนูุง ุ', 7, 0),
(2, 'Salama Salam\r\n', 7, 0),
(3, 'Dude ', 7, 0),
(4, 'ุงุญุญุญ ูููู ููุนุฑ ุงู ุดุงุก ุงููู ูุฏูุฑู ุฌุฒุก 2', 7, 0),
(5, 'ูุงุงุงุงุงุงุงุงุงุงุงุงุงุงุงุงุงุงุงุงุงุงุงุงุงุงุงุงุงุงุงุงุงุงุงุงุงุงุงุงุงุงุงุงุงุงู', 67, 0),
(6, 'tenet test', 7, 52),
(7, 'tenet test', 7, 52),
(8, 'A7777777 Ya93ar\r\n', 7, 98),
(9, 'ูููู ูุงูู ๐ค๐ค๐ค๐ค', 72, 98),
(10, 'ูุฎุฎุฎุฎ ุฑุงุญู 2 ุณูุงูุน ุจุงุทู ', 72, 25),
(11, 'ุนูุงู ุ ุนุฌุจูู ุงูุง ูููุญ \r\n', 7, 25),
(12, 'ูุฐุง ูููู ุ ุชุชูุณุฎุฑ ุจููุง ุ', 7, 10),
(13, 'ุงุญุณู ูุนุจุฉ ูู ุงูุนุงูู ูู ูุฑู ูุงูุฑ . ูุฑู ูุงูุฑ ุฏุด ุฏุด ', 7, 10);

-- --------------------------------------------------------

--
-- Table structure for table `films`
--

CREATE TABLE `films` (
  `id` int(11) NOT NULL,
  `film_name` varchar(255) NOT NULL,
  `film_image` varchar(255) DEFAULT NULL,
  `film_story` text DEFAULT NULL
) ENGINE=InnoDB DEFAULT CHARSET=utf8mb4;

--
-- Dumping data for table `films`
--

INSERT INTO `films` (`id`, `film_name`, `film_image`, `film_story`) VALUES
(1, 'Eternal.Sunshine.Of.The.Spotless.Mind.2004.BluRay.720p.mp4', 'external.jpg', 'ูุตุงุจ ุฌููู ุจุงุฑูุด (ุฌูู ูุงุฑู) ุจุตุฏูุฉ ูุจูุฑุฉ ุชูุทุฑ ูุคุงุฏูุ ููุชุดู ุฃู ุญุจูุจุชู ุงูุณุงุจูุฉ ูููููุชู (ููุช ูููุณูุช) ุงูุชู ุชุฑูุชู ูุญูุฏูุฃ ูุฏ ุฃูุฏูุช ุนูู ุนูููุฉ ุบุฑูุจุฉ ูุชูุณุญ ูู ุฐูุฑูุงุชูุง ุนูู.ูุตุงุจ ุฌููู ุจุงููุฃุณ ูุงูุฅุญุจุงุทุ ูููุฑุฑ ุฃู ููุนู ุงููุซู ููููู ุจุญุฐู ูู ุฐูุฑูุงุชู ูุนูุง ูู ุฑุฃุณู.ูุดุงูุฏ ุฌููู ุฐูุฑูุงุชู ููู ุชุชูุงุดู ูู ุฃุซูุงุก ุงูุนูููุฉุ ูููุชุดู ุญูููุง ุฃูู ูุงุฒุงู ูุญุจูุง ููุฐูุจ ูู ุบุฑุงููุง.ููุฏุฑู ูุชุฃุฎุฑูุง ุฃู ุงูุฃูุงู ูุฏ ูุงุช ููุชุฑุงุฌุน ุนู ุฐูู ุงููุฑุงุฑ ุงููุชุณุฑุน.'),
(2, 'Extraction.2020.WEB-DL.720p.mp4', '', 'ูุง ุชูุฌุฏ ูุตุฉ'),
(3, 'Fatman.2020.WEB-DL.720p.mp4', '', 'ูุง ุชูุฌุฏ ูุตุฉ'),
(4, 'Fearless.2006.BluRay.720p.mp4', '', 'ูุง ุชูุฌุฏ ูุตุฉ'),
(5, 'Fight.Club.1999.BluRay.720p.mp4', '', 'ูุง ุชูุฌุฏ ูุตุฉ'),
(6, 'Flight.2012.BluRay.720p.mp4', '', 'ูุง ุชูุฌุฏ ูุตุฉ'),
(7, 'Flu.2013.BluRay.720p.mp4', '', 'ูุง ุชูุฌุฏ ูุตุฉ'),
(8, 'Ford.V.Ferrari.2019.BluRay.720p.mp4', '', 'ูุง ุชูุฌุฏ ูุตุฉ'),
(9, 'Forrest.Gump.1994.BluRay.720p.mp4', '', 'ูุง ุชูุฌุฏ ูุตุฉ'),
(10, 'Freaky.2020.WEB-DL.720p.mp4', '', 'ูุง ุชูุฌุฏ ูุตุฉ'),
(11, 'Get.Out.2017.BluRay.720p.mp4', '', 'ูุง ุชูุฌุฏ ูุตุฉ'),
(12, 'Gone.Girl.2014.BluRay.720p.mp4', '', 'ูุง ุชูุฌุฏ ูุตุฉ'),
(13, 'Gothika.2003.BluRay.720p.mp4', '', 'ูุง ุชูุฌุฏ ูุตุฉ'),
(14, 'Green.Book.2018.BluRay.720p.mp4', '', 'ูุง ุชูุฌุฏ ูุตุฉ'),
(15, 'Greyhound.2020.WEB-DL.720p.mp4', '', 'ูุง ุชูุฌุฏ ูุตุฉ'),
(16, 'Hacksaw.Ridge.2016.BluRay.720p.mp4', '', 'ูุง ุชูุฌุฏ ูุตุฉ'),
(17, 'Honest.Thief.2020.BluRay.720p.mp4', '', 'ูุง ุชูุฌุฏ ูุตุฉ'),
(18, 'How.It.Ends.2018.WEB-DL.720p.mp4', '', 'ูุง ุชูุฌุฏ ูุตุฉ'),
(19, 'I.See.You.2019.BluRay.720p.mp4', '', 'ูุง ุชูุฌุฏ ูุตุฉ'),
(20, 'Inception.2010.BluRay.720p.mp4', '', 'ูุง ุชูุฌุฏ ูุตุฉ'),
(21, 'Inglourious.Basterds.2009.BluRay.720p.mp4', '', 'ูุง ุชูุฌุฏ ูุตุฉ'),
(22, 'Interstellar.2014.BluRay.720p.mp4', '', 'ูุง ุชูุฌุฏ ูุตุฉ'),
(23, 'Knives.Out.2019.BluRay.720p.mp4', '', 'ูุง ุชูุฌุฏ ูุตุฉ'),
(24, 'Leon.The.Professional.1994.BluRay.720p.mp4', '', 'ูุง ุชูุฌุฏ ูุตุฉ'),
(25, 'Live.Free.Or.Die.Hard.2007.BluRay.720p.mp4', '', 'ูุง ุชูุฌุฏ ูุตุฉ'),
(26, 'Mad.Max.Fury.Road.2015.BluRay.720p.mp4', '', 'ูุง ุชูุฌุฏ ูุตุฉ'),
(27, 'Mirrors.2008.BluRay.720p.mp4', '', 'ูุง ุชูุฌุฏ ูุตุฉ'),
(28, 'Mortal.2020.WEB-DL.720p.mp4', '', 'ูุง ุชูุฌุฏ ูุตุฉ'),
(29, 'Most.Wanted.2020.WEB-DL.720p.mp4', '', 'ูุง ุชูุฌุฏ ูุตุฉ'),
(30, 'Never.Back.Down.2008.BluRay.720p.mp4', '', 'ูุง ุชูุฌุฏ ูุตุฉ'),
(31, 'Ninja.2009.BluRay.720p.mp4', '', 'ูุง ุชูุฌุฏ ูุตุฉ'),
(32, 'No.Country.For.Old.Men.2007.BluRay.720p.mp4', '', 'ูุง ุชูุฌุฏ ูุตุฉ'),
(33, 'No.Escape.2020.WEB-DL.720p.mp4', '', 'ูุง ุชูุฌุฏ ูุตุฉ'),
(34, 'Once.Upon.A.Time.In.Hollywood.2019.BluRay.720p.mp4', '', 'ูุง ุชูุฌุฏ ูุตุฉ'),
(35, 'Prisoners.2013.BluRay.720p.mp4', '', 'ูุง ุชูุฌุฏ ูุตุฉ'),
(36, 'Redemption.2013.BluRay.720p.mp4', '', 'ูุง ุชูุฌุฏ ูุตุฉ'),
(37, 'Rising.Phoenix.2020.WEB-DL.720p.mp4', '', 'ูุง ุชูุฌุฏ ูุตุฉ'),
(38, 'Run.2020.WEB-DL.720p.mp4', '', 'ูุง ุชูุฌุฏ ูุตุฉ'),
(39, 'Run.All.Night.2015.BluRay.720p.mp4', '', 'ูุง ุชูุฌุฏ ูุตุฉ'),
(40, 'Saving.Private.Ryan.1998.BluRay.720p.mp4', '', 'ูุง ุชูุฌุฏ ูุตุฉ'),
(41, 'Se7en.1995.BluRay.720p.mp4', '', 'ูุง ุชูุฌุฏ ูุตุฉ'),
(42, 'Shooting.Heroin.2020.WEB-DL.720p.mp4', '', 'ูุง ุชูุฌุฏ ูุตุฉ'),
(43, 'Shooting.Heroin.2020.WEB-DL.1080p.mp4', '', 'ูุง ุชูุฌุฏ ูุตุฉ'),
(44, 'Sicario.2015.BluRay.720p.mp4', '', 'ูุง ุชูุฌุฏ ูุตุฉ'),
(45, 'Skyfall.2012.BluRay.720p.mp4', '', 'ูุง ุชูุฌุฏ ูุตุฉ'),
(46, 'Southpaw.2015.BluRay.720p.mp4', '', 'ูุง ุชูุฌุฏ ูุตุฉ'),
(47, 'Spenser.Confidential.2020.WEB-DL.720p.mp4', '', 'ูุง ุชูุฌุฏ ูุตุฉ'),
(48, 'Split.2017.BluRay.720p.mp4', '', 'ูุง ุชูุฌุฏ ูุตุฉ'),
(49, 'Spotlight.2015.BluRay.720p.mp4', '', 'ูุง ุชูุฌุฏ ูุตุฉ'),
(50, 'Status.Update.2018.BluRay.720p.mp4', '', 'ูุง ุชูุฌุฏ ูุตุฉ'),
(51, 'Taxi.Driver.1976.BluRay.720p.mp4', '', 'ูุง ุชูุฌุฏ ูุตุฉ'),
(52, 'Tenet.2020.BluRay.720p.mp4', '', 'ูุง ุชูุฌุฏ ูุตุฉ'),
(53, 'The.Art.Of.Getting.By.2011.BluRay.720p.mp4', '', 'ูุง ุชูุฌุฏ ูุตุฉ'),
(54, 'The.Beast.2019.BluRay.720p.mp4', '', 'ูุง ุชูุฌุฏ ูุตุฉ'),
(55, 'The.Collector.2009.BluRay.720p.mp4', '', 'ูุง ุชูุฌุฏ ูุตุฉ'),
(56, 'The.Curious.Case.Of.Benjamin.Button.2008.BluRay.720p.mp4', '', 'ูุง ุชูุฌุฏ ูุตุฉ'),
(57, 'The.Departed.2006.BluRay.720p.mp4', '', 'ูุง ุชูุฌุฏ ูุตุฉ'),
(58, 'The.Devil.All.The.Time.2020.WEB-DL.720p.mp4', '', 'ูุง ุชูุฌุฏ ูุตุฉ'),
(59, 'The.Equalizer.2014.BluRay.720p.mp4', '', 'ูุง ุชูุฌุฏ ูุตุฉ'),
(60, 'The.Gangster.The.Cop.The.Devil.2019.BluRay.720p.mp4', '', 'ูุง ุชูุฌุฏ ูุตุฉ'),
(61, 'The.Godfather.1972.BluRay.720p.mp4', '', 'ูุง ุชูุฌุฏ ูุตุฉ'),
(62, 'The.Godfather.Part.II.1974.BluRay.720p.mp4', '', 'ูุง ุชูุฌุฏ ูุตุฉ'),
(63, 'The.Godfather.Part.III.1990.BluRay.720p.mp4', '', 'ูุง ุชูุฌุฏ ูุตุฉ'),
(64, 'The.Green.Mile.1999.BluRay.720p.mp4', '', 'ูุง ุชูุฌุฏ ูุตุฉ'),
(65, 'The.Hangover.Part.II.2011.BluRay.720p.mp4', '', 'ูุง ุชูุฌุฏ ูุตุฉ'),
(66, 'The.Host.2006.BluRay.720p.mp4', '', 'ูุง ุชูุฌุฏ ูุตุฉ'),
(67, 'The.Invisible.Man.2020.WEB-DL.720p.mp4', '', 'ูุง ุชูุฌุฏ ูุตุฉ'),
(68, 'The.Man.Standing.Next.2020.BluRay.720p.mp4', '', 'ูุง ุชูุฌุฏ ูุตุฉ'),
(69, 'The.Martian.2015.BluRay.720p.mp4', '', 'ูุง ุชูุฌุฏ ูุตุฉ'),
(70, 'The.Mist.2007.BluRay.720p.mp4', '', 'ูุง ุชูุฌุฏ ูุตุฉ'),
(71, 'The.Owners.2020.WEB-DL.720p.mp4', '', 'ูุง ุชูุฌุฏ ูุตุฉ'),
(72, 'The.Platform.2019.WEB-DL.720p.mp4', '', 'ูุง ุชูุฌุฏ ูุตุฉ'),
(73, 'The.Pool.2018.BluRay.720p.mp4', '', 'ูุง ุชูุฌุฏ ูุตุฉ'),
(74, 'The.Purge.Anarchy.2014.BluRay.720p.mp4', '', 'ูุง ุชูุฌุฏ ูุตุฉ'),
(75, 'The.Raid.2.2014.BluRay.720p.mp4', '', 'ูุง ุชูุฌุฏ ูุตุฉ'),
(76, 'The.Raid.2011.BluRay.720p.mp4', '', 'ูุง ุชูุฌุฏ ูุตุฉ'),
(77, 'The.Revenant.2015.BluRay.720p.mp4', '', 'ูุง ุชูุฌุฏ ูุตุฉ'),
(78, 'The.Ritual.2017.WEB-DL.720p.mp4', '', 'ูุง ุชูุฌุฏ ูุตุฉ'),
(79, 'The.Social.Dilemma.2020.WEB-DL.720p.mp4', '', 'ูุง ุชูุฌุฏ ูุตุฉ'),
(80, 'The.Texas.Chainsaw.Massacre.2003.BluRay.720p.mp4', '', 'ูุง ุชูุฌุฏ ูุตุฉ'),
(81, 'The.Tournament.2009.BluRay.720p.mp4', '', 'ูุง ุชูุฌุฏ ูุตุฉ'),
(82, 'The.Uninvited.2009.BluRay.720p.mp4', '', 'ูุง ุชูุฌุฏ ูุตุฉ'),
(83, 'The.Words.2012.BluRay.720p.mp4', '', 'ูุง ุชูุฌุฏ ูุตุฉ'),
(84, 'Train.To.Busan.2.2020.BluRay.720p.mp4', '', 'ูุง ุชูุฌุฏ ูุตุฉ'),
(85, 'Train.To.Busan.2016.BluRay.720p.mp4', '', 'ูุง ุชูุฌุฏ ูุตุฉ'),
(86, 'Truth.Or.Dare.2018.BluRay.720p.mp4', '', 'ูุง ุชูุฌุฏ ูุตุฉ'),
(87, 'Unleashed.2005.BluRay.720p.mp4', '', 'ูุง ุชูุฌุฏ ูุตุฉ'),
(88, 'Up.In.The.Air.2009.BluRay.720p.mp4', '', 'ูุง ุชูุฌุฏ ูุตุฉ'),
(89, 'Whiplash.2014.BluRay.720p.mp4', '', 'ูุง ุชูุฌุฏ ูุตุฉ'),
(90, 'Wild.Tales.2014.BluRay.720p.mp4', '', 'ูุง ุชูุฌุฏ ูุตุฉ'),
(91, 'Wolf.Creek.2.2013.BluRay.720p.mp4', '', 'ูุง ุชูุฌุฏ ูุตุฉ'),
(92, 'Wolf.Creek.2005.720p.mp4', '', 'ูุง ุชูุฌุฏ ูุตุฉ'),
(93, 'Wonder.2017.BluRay.720p.mp4', '', 'ูุง ุชูุฌุฏ ูุตุฉ'),
(94, 'Wrong.Turn.2003.BluRay.720p.mp4', '', 'ูุง ุชูุฌุฏ ูุตุฉ'),
(95, 'Yes.Man.2008.BluRay.720p.mp4', '', 'ูุง ุชูุฌุฏ ูุตุฉ'),
(96, 'I.Am.Number.Four.2011.BluRay.720p.mp4', '', 'ูุง ุชูุฌุฏ ูุตุฉ'),
(97, 'Apocalypto.2006.BluRay.720p.mp4', '', 'ูุง ุชูุฌุฏ ูุตุฉ'),
(98, '12.Angry.Men.1957.BluRay.720p.mp4', '', 'ูุง ุชูุฌุฏ ูุตุฉ'),
(99, 'A.Quiet.Place.2018.BluRay.720p.mp4', '', 'ูุง ุชูุฌุฏ ูุตุฉ'),
(100, 'Alive.2020.WEB-DL.720p.mp4', '', 'ูุง ุชูุฌุฏ ูุตุฉ'),
(101, 'All.Eyez.On.Me.2017.BluRay.720p.mp4', '', 'ูุง ุชูุฌุฏ ูุตุฉ'),
(102, 'Almost.Friends.2016.BluRay.720p.mp4', '', 'ูุง ุชูุฌุฏ ูุตุฉ'),
(103, 'American.History.X.1998.BluRay.720p.mp4', '', 'ูุง ุชูุฌุฏ ูุตุฉ'),
(104, 'Anjaam.Pathiraa.2020.WEB-DL.720p.mp4', '', 'ูุง ุชูุฌุฏ ูุตุฉ'),
(105, 'Argo.2012.BluRay.720p.mp4', '', 'ูุง ุชูุฌุฏ ูุตุฉ'),
(106, 'Arrival.2016.BluRay.720p.mp4', '', 'ูุง ุชูุฌุฏ ูุตุฉ'),
(107, 'Assassination.Games.2011.BluRay.720p.mp4', '', 'ูุง ุชูุฌุฏ ูุตุฉ'),
(108, 'August.Rush.2007.BluRay.720p.mp4', '', 'ูุง ุชูุฌุฏ ูุตุฉ'),
(109, 'Bad.Ass.2012.720p.mp4', '', 'ูุง ุชูุฌุฏ ูุตุฉ'),
(110, 'Before.I.Wake.2016.BluRay.720p.mp4', '', 'ูุง ุชูุฌุฏ ูุตุฉ'),
(111, 'Bring.Me.Home.2019.BluRay.720p.mp4', '', 'ูุง ุชูุฌุฏ ูุตุฉ'),
(112, 'Capone.2020.WEB-DL.1080p.mp4', '', 'ูุง ุชูุฌุฏ ูุตุฉ'),
(113, 'Cast.Away.2000.BluRay.720p.mp4', '', 'ูุง ุชูุฌุฏ ูุตุฉ'),
(114, 'Commitment.2013.BluRay.720p.mp4', '', 'ูุง ุชูุฌุฏ ูุตุฉ'),
(115, 'Death.Of.Me.2020.WEB-DL.720p.mp4', '', 'ูุง ุชูุฌุฏ ูุตุฉ'),
(116, 'Dunkirk.2017.BluRay.720p.mp4', '', 'ูุง ุชูุฌุฏ ูุตุฉ'),
(117, 'Coco.2017.BluRay.720p.mp4', '', 'ูุง ุชูุฌุฏ ูุตุฉ'),
(118, 'Eish.Hayatak.2019.BluRay.720p.mp4', '', 'ูุง ุชูุฌุฏ ูุตุฉ'),
(119, 'Embattled.2020.WEB-DL.720p.mp4', '', 'ูุง ุชูุฌุฏ ูุตุฉ'),
(120, 'Forgotten.2017.WEB.DL.720p.mp4', '', 'ูุง ุชูุฌุฏ ูุตุฉ'),
(121, 'Rambo.Last.Blood.2019.BluRay-720p.mp4', '', 'ูุง ุชูุฌุฏ ูุตุฉ'),
(122, '15.Minutes.Of.War.2019[720p].mkv', '', 'ูุง ุชูุฌุฏ ูุตุฉ'),
(123, 'Seized.2020.DVDRip.mp4', '', 'ูุง ุชูุฌุฏ ูุตุฉ'),
(124, 'Ayla.The.Daughter.Of.War.Cima4U.mp4', '', 'ูุง ุชูุฌุฏ ูุตุฉ'),
(125, 'Soul.2020.BluRay.Egybest.app.720p.mp4', '', 'ูุง ุชูุฌุฏ ูุตุฉ'),
(126, 'Halloween.Party.2020.720p.WEB-DL.mp4', '', 'ูุง ุชูุฌุฏ ูุตุฉ'),
(127, 'Miracle.in.Cell.No.7.720p.WEB.mp4', '', 'ูุง ุชูุฌุฏ ูุตุฉ'),
(128, 'The.Paramedic.2020.1080p.NF.WEB-DL.mp4', '', 'ูุง ุชูุฌุฏ ูุตุฉ'),
(129, 'Enola.Holmes.2020.WEB-DL.720p.mp4', '', 'ูุง ุชูุฌุฏ ูุตุฉ'),
(130, 'Escape.From.Alcatraz.1979.BluRay.720p.mp4', '', 'ูุง ุชูุฌุฏ ูุตุฉ'),
(131, 'Host.2020.720p.WEBRip.mkv', '', 'ูุง ุชูุฌุฏ ูุตุฉ'),
(132, 'In.Time.2011.720p.BluRay.MyCima.TV.mp4', '', 'ูุง ุชูุฌุฏ ูุตุฉ'),
(133, 'Legend_2015.Bluray.Cima4U.mp4', '', 'ูุง ุชูุฌุฏ ูุตุฉ'),
(134, 'The.Invention.of.Lying.2009.Cima4U.mkv', '', 'ูุง ุชูุฌุฏ ูุตุฉ'),
(135, 'The.Perfect.Date.2019.1080p.NF.WEB-DL.cima4up.tv.mp4', '', 'ูุง ุชูุฌุฏ ูุตุฉ'),
(136, 'The_Untouchables_1987_Cima4U.mp4', '', 'ูุง ุชูุฌุฏ ูุตุฉ');

-- --------------------------------------------------------

--
-- Table structure for table `messages`
--

CREATE TABLE `messages` (
  `id` int(11) NOT NULL,
  `message` varchar(255) NOT NULL
) ENGINE=InnoDB DEFAULT CHARSET=utf8mb4;

--
-- Dumping data for table `messages`
--

INSERT INTO `messages` (`id`, `message`) VALUES
(1, ''),
(2, 'lolHhhhhhhhhhhhhhhhhhhhhhhhhhhhhhhhhhhhhhhhhhh'),
(3, ''),
(4, ''),
(5, '              '),
(6, '            '),
(7, '          '),
(8, '           '),
(9, '           '),
(10, '           '),
(11, '           '),
(12, '           '),
(13, '           '),
(14, '           '),
(15, '           '),
(16, '     '),
(17, '     '),
(18, '     '),
(19, '     '),
(20, 'awszadzda zdazd zad'),
(21, ' '),
(22, ' '),
(23, 'Hello its me'),
(24, 'Hello its me'),
(25, 'ูุดุฑุงู'),
(26, 'ูุดุฑุงู'),
(27, 'azdazdzadazdadazd dzad azda zdza daz dzad azd azd azd'),
(28, 'azdazdzadazdadazd dzad azda zdza daz dzad azd azd azd'),
(29, 'ูุดุฑุงู'),
(30, 'azdazdzadazdadazd dzad azda zdza daz dzad azd azd azd'),
(31, 'salam salam ma3akom 3abd salam');

-- --------------------------------------------------------

--
-- Table structure for table `users`
--

CREATE TABLE `users` (
  `id` int(11) NOT NULL,
  `username` varchar(255) NOT NULL,
  `passwd` varchar(255) NOT NULL,
  `email` varchar(255) NOT NULL,
  `registration_day` date DEFAULT curdate()
) ENGINE=InnoDB DEFAULT CHARSET=utf8mb4;

--
-- Dumping data for table `users`
--

INSERT INTO `users` (`id`, `username`, `passwd`, `email`, `registration_day`) VALUES
(1, 'ddddddddddd', 'zadzds', 'sqddzdzd', '2021-01-19'),
(2, 'oussama', '71f0caccd6959b358543ee9cdc9b9c3e', 'dddd', '2021-01-20'),
(3, 'ass', '37f31694ce2528a64cfacc73c612ef06', 'azdazdzad', '2021-01-20'),
(4, 'lol', '9cdfb439c7876e703e307864c9167a15', 'lol', '2021-01-20'),
(5, 'da', '0de7b6a61a70688b26e6eeb3113531a3', 'ss', '2021-01-20'),
(6, 'final', '654816f85dfe2115674e7115c7d1ea51', 'dotphp', '2021-01-20'),
(7, 'sama', '26c322652770620e64ac90682eb6504c', 'dz', '2021-01-20'),
(8, 'aloha', 'ba248c985ace94863880921d8900c53f', 'lollol', '2021-01-20'),
(9, 'salam', 'de6838252f95d3b9e803b28df33b4baa', 'Hohoh', '2021-01-20'),
(10, 'mimi', '99605671e193aeeff68a304bad60a56f', 'anocha', '2021-01-20'),
(11, '&#39;', 'a34f59274d50f313ec06e96e2620e117', '&#39;', '2021-01-21'),
(12, '&#39; OR 1=1 --', '368029d97ed63c4019902fe4f05bd56c', '&#39; OR 1=1 --', '2021-01-22'),
(13, '&#39; OR 1=1 UNION SELECT * FROM users; -- ', '09b62c4dc1010363350a560a7310493d', '&#39; OR 1=1 UNION SELECT * FROM users; -- ', '2021-01-22'),
(67, 'oussamakun', '202cb962ac59075b964b07152d234b70', 'lol@gmail.org', '2021-01-26'),
(68, 'samirlaclass', '814f06ab7f40b2cff77f2c7bdffd3415', 'famous@gmail.com', '2021-01-28'),
(69, 'samir13', '9cdfb439c7876e703e307864c9167a15', 'info@ddd.com', '2021-01-30'),
(70, 'salamoli', '202cb962ac59075b964b07152d234b70', 'test@me.org', '2021-01-31'),
(71, 'mohlartish', '202cb962ac59075b964b07152d234b70', 'moh@lartish.com', '2021-01-31'),
(72, 'ferhat', '00c66aaf5f2c3f49946f15c1ad2ea0d3', 'pjtofnx@mail-help.net', '2021-02-05');

--
-- Indexes for dumped tables
--

--
-- Indexes for table `comments`
--
ALTER TABLE `comments`
  ADD PRIMARY KEY (`id`),
  ADD KEY `comm` (`user_id`);

--
-- Indexes for table `films`
--
ALTER TABLE `films`
  ADD PRIMARY KEY (`id`),
  ADD UNIQUE KEY `film_name` (`film_name`);

--
-- Indexes for table `messages`
--
ALTER TABLE `messages`
  ADD PRIMARY KEY (`id`);

--
-- Indexes for table `users`
--
ALTER TABLE `users`
  ADD PRIMARY KEY (`id`),
  ADD UNIQUE KEY `username` (`username`);

--
-- AUTO_INCREMENT for dumped tables
--

--
-- AUTO_INCREMENT for table `comments`
--
ALTER TABLE `comments`
  MODIFY `id` int(11) NOT NULL AUTO_INCREMENT, AUTO_INCREMENT=14;

--
-- AUTO_INCREMENT for table `films`
--
ALTER TABLE `films`
  MODIFY `id` int(11) NOT NULL AUTO_INCREMENT, AUTO_INCREMENT=137;

--
-- AUTO_INCREMENT for table `messages`
--
ALTER TABLE `messages`
  MODIFY `id` int(11) NOT NULL AUTO_INCREMENT, AUTO_INCREMENT=32;

--
-- AUTO_INCREMENT for table `users`
--
ALTER TABLE `users`
  MODIFY `id` int(11) NOT NULL AUTO_INCREMENT, AUTO_INCREMENT=73;

--
-- Constraints for dumped tables
--

--
-- Constraints for table `comments`
--
ALTER TABLE `comments`
  ADD CONSTRAINT `comm` FOREIGN KEY (`user_id`) REFERENCES `users` (`id`) ON DELETE CASCADE ON UPDATE CASCADE;
COMMIT;

/*!40101 SET CHARACTER_SET_CLIENT=@OLD_CHARACTER_SET_CLIENT */;
/*!40101 SET CHARACTER_SET_RESULTS=@OLD_CHARACTER_SET_RESULTS */;
/*!40101 SET COLLATION_CONNECTION=@OLD_COLLATION_CONNECTION */;
